confusion,urgency,sentiment,opinion,answer,question
confusion,"(1.0, 0.0)","(0.65664155547317649, 0.0)","(-0.17118760566404148, 7.7378527372836278e-65)","(-0.19364236253247391, 8.8105243287250992e-83)","(-0.25700960390894684, 1.7643466250246722e-146)","(0.62310170534931597, 0.0)"
urgency,"(0.65664155547317649, 0.0)","(1.0, 0.0)","(-0.22742908228109776, 2.7659024834693886e-114)","(-0.033714192834773941, 0.00088445516341405391)","(-0.15536407752775658, 1.3718122604104624e-53)","(0.69002559779183092, 0.0)"
sentiment,"(-0.17118760566404148, 7.7378527372836278e-65)","(-0.22742908228109776, 2.7659024834693886e-114)","(1.0, 0.0)","(-0.097865689197845593, 3.9633212237728242e-22)","(-0.079911862838524389, 2.9895891199936642e-15)","(-0.13760736301212334, 2.5853930363162403e-42)"
opinion,"(-0.19364236253247391, 8.8105243287250992e-83)","(-0.033714192834773941, 0.00088445516341405391)","(-0.097865689197845593, 3.9633212237728242e-22)","(1.0, 0.0)","(-0.090517510062435053, 3.7971276439545516e-19)","(-0.25913329828931614, 5.8091545903663982e-149)"
answer,"(-0.25700960390894684, 1.7643466250246722e-146)","(-0.15536407752775658, 1.3718122604104624e-53)","(-0.079911862838524389, 2.9895891199936642e-15)","(-0.090517510062435053, 3.7971276439545516e-19)","(1.0, 0.0)","(-0.21872554429041982, 1.2161959701690175e-105)"
question,"(0.62310170534931597, 0.0)","(0.69002559779183092, 0.0)","(-0.13760736301212334, 2.5853930363162403e-42)","(-0.25913329828931614, 5.8091545903663982e-149)","(-0.21872554429041982, 1.2161959701690175e-105)","(1.0, 0.0)"
