,confusion,urgency,sentiment,opinion,answer,question
confusion,1.0,0.65664155547317649,-0.17118760566404148,-0.19364236253247391,-0.25700960390894684,0.62310170534931597
urgency,0.65664155547317649,1.0,-0.22742908228109776,-0.033714192834773941,-0.15536407752775658,0.69002559779183092
sentiment,-0.17118760566404148,-0.22742908228109776,1.0,-0.097865689197845593,-0.079911862838524389,-0.13760736301212334
opinion,-0.19364236253247391,-0.033714192834773941,-0.097865689197845593,1.0,-0.090517510062435053,-0.25913329828931614
answer,-0.25700960390894684,-0.15536407752775658,-0.079911862838524389,-0.090517510062435053,1.0,-0.21872554429041982
question,0.62310170534931597,0.69002559779183092,-0.13760736301212334,-0.25913329828931614,-0.21872554429041982,1.0
