confusion,urgency,sentiment,opinion,answer,question
confusion,"(1.0, 0.0)","(0.000370520586383145, 0.97062649182828298)","(-0.13403899913870293, 7.7779401296368849e-41)","(-0.29662793386443764, 7.8409929921995392e-200)","(-0.10620501065057844, 3.510446097894493e-26)","(0.34709436668656757, 1.0832994463850671e-277)"
urgency,"(0.000370520586383145, 0.97062649182828298)","(1.0, 0.0)","(-0.15721892587726682, 1.0626517980200796e-55)","(-0.24739739695645943, 1.1225574277571477e-137)","(0.053288179355068951, 1.1607215430052229e-07)","(0.4585081250757051, 0.0)"
sentiment,"(-0.13403899913870293, 7.7779401296368849e-41)","(-0.15721892587726682, 1.0626517980200796e-55)","(1.0, 0.0)","(0.095424377012532882, 1.9999849000385081e-21)","(-0.031049771524424775, 0.0020253579297896175)","(-0.14282053230031999, 3.5249109972597743e-46)"
opinion,"(-0.29662793386443764, 7.8409929921995392e-200)","(-0.24739739695645943, 1.1225574277571477e-137)","(0.095424377012532882, 1.9999849000385081e-21)","(1.0, 0.0)","(-0.15390210334070825, 2.0124324905321016e-53)","(-0.41351848199642621, 0.0)"
answer,"(-0.10620501065057844, 3.510446097894493e-26)","(0.053288179355068951, 1.1607215430052229e-07)","(-0.031049771524424775, 0.0020253579297896175)","(-0.15390210334070825, 2.0124324905321016e-53)","(1.0, 0.0)","(-0.018877994396261592, 0.060617768446685497)"
question,"(0.34709436668656757, 1.0832994463850671e-277)","(0.4585081250757051, 0.0)","(-0.14282053230031999, 3.5249109972597743e-46)","(-0.41351848199642621, 0.0)","(-0.018877994396261592, 0.060617768446685497)","(1.0, 0.0)"
