,confusion,urgency,sentiment,opinion,answer,question
confusion,1.0,0.000370520586383145,-0.13403899913870293,-0.29662793386443764,-0.10620501065057844,0.34709436668656757
urgency,0.000370520586383145,1.0,-0.15721892587726682,-0.24739739695645943,0.053288179355068951,0.4585081250757051
sentiment,-0.13403899913870293,-0.15721892587726682,1.0,0.095424377012532882,-0.031049771524424775,-0.14282053230031999
opinion,-0.29662793386443764,-0.24739739695645943,0.095424377012532882,1.0,-0.15390210334070825,-0.41351848199642621
answer,-0.10620501065057844,0.053288179355068951,-0.031049771524424775,-0.15390210334070825,1.0,-0.018877994396261592
question,0.34709436668656757,0.4585081250757051,-0.14282053230031999,-0.41351848199642621,-0.018877994396261592,1.0
