confusion,urgency,sentiment,opinion,answer,question
confusion,1.0,0.4845649271853123,-0.09753914154338203,-0.091762227717303482,-0.3936655289056275,0.45948734854524403
urgency,0.4845649271853123,1.0,-0.35991421672245599,0.10568162687850878,-0.50169855300365107,0.69037341487788906
sentiment,-0.09753914154338203,-0.35991421672245599,1.0,-0.0065523830810272693,0.064032563464573755,-0.29076476334901924
opinion,-0.091762227717303482,0.10568162687850878,-0.0065523830810272693,1.0,-0.11423706633472484,-0.22635622558386617
answer,-0.3936655289056275,-0.50169855300365107,0.064032563464573755,-0.11423706633472484,1.0,-0.4646181615658353
question,0.45948734854524403,0.69037341487788906,-0.29076476334901924,-0.22635622558386617,-0.4646181615658353,1.0
