confusion,urgency,sentiment,opinion,answer,question
confusion,"(1.0, 0.0)","(0.4845649271853123, 0.0)","(-0.09753914154338203, 1.4135224938122234e-22)","(-0.091762227717303482, 3.7360787814807241e-20)","(-0.3936655289056275, 0.0)","(0.45948734854524403, 0.0)"
urgency,"(0.4845649271853123, 0.0)","(1.0, 0.0)","(-0.35991421672245599, 1.241410690768422e-303)","(0.10568162687850878, 3.0577175885520671e-26)","(-0.50169855300365107, 0.0)","(0.69037341487788906, 0.0)"
sentiment,"(-0.09753914154338203, 1.4135224938122234e-22)","(-0.35991421672245599, 1.241410690768422e-303)","(1.0, 0.0)","(-0.0065523830810272693, 0.51232035110779561)","(0.064032563464573755, 1.4583075934495704e-10)","(-0.29076476334901924, 4.2164367059891487e-194)"
opinion,"(-0.091762227717303482, 3.7360787814807241e-20)","(0.10568162687850878, 3.0577175885520671e-26)","(-0.0065523830810272693, 0.51232035110779561)","(1.0, 0.0)","(-0.11423706633472484, 2.0721394111420421e-30)","(-0.22635622558386617, 2.1612866817774904e-116)"
answer,"(-0.3936655289056275, 0.0)","(-0.50169855300365107, 0.0)","(0.064032563464573755, 1.4583075934495704e-10)","(-0.11423706633472484, 2.0721394111420421e-30)","(1.0, 0.0)","(-0.4646181615658353, 0.0)"
question,"(0.45948734854524403, 0.0)","(0.69037341487788906, 0.0)","(-0.29076476334901924, 4.2164367059891487e-194)","(-0.22635622558386617, 2.1612866817774904e-116)","(-0.4646181615658353, 0.0)","(1.0, 0.0)"
