,confusion,urgency,sentiment,opinion,answer,question
confusion,"(1.0, 0.0)","(0.67327959547632832, 1.2011070666188824e-161)","(-0.35354917660271934, 3.5503273571547083e-37)","(-0.12230038906798517, 1.869274783744985e-05)","(-0.59030668607910108, 2.9041363076051459e-115)","(0.52121806902813494, 8.6613176588457995e-86)"
urgency,"(0.67327959547632832, 1.2011070666188824e-161)","(1.0, 0.0)","(-0.56798278394815915, 5.7075324980752867e-105)","(0.034158110161424012, 0.23356065281257257)","(-0.67614755336131616, 1.5916718227544132e-163)","(0.74760773730999797, 2.2572869938472002e-218)"
sentiment,"(-0.35354917660271934, 3.5503273571547083e-37)","(-0.56798278394815915, 5.7075324980752867e-105)","(1.0, 0.0)","(0.030458636543728799, 0.28816439969258961)","(0.29616567922325548, 4.4039170919364969e-26)","(-0.49459882871574884, 3.8534773830118228e-76)"
opinion,"(-0.12230038906798517, 1.869274783744985e-05)","(0.034158110161424012, 0.23356065281257257)","(0.030458636543728799, 0.28816439969258961)","(1.0, 0.0)","(-0.069464907638317516, 0.015318697392470338)","(-0.2146563667775151, 3.6690044065407541e-14)"
answer,"(-0.59030668607910108, 2.9041363076051459e-115)","(-0.67614755336131616, 1.5916718227544132e-163)","(0.29616567922325548, 4.4039170919364969e-26)","(-0.069464907638317516, 0.015318697392470338)","(1.0, 0.0)","(-0.56224515324242796, 1.8906929004378382e-102)"
question,"(0.52121806902813494, 8.6613176588457995e-86)","(0.74760773730999797, 2.2572869938472002e-218)","(-0.49459882871574884, 3.8534773830118228e-76)","(-0.2146563667775151, 3.6690044065407541e-14)","(-0.56224515324242796, 1.8906929004378382e-102)","(1.0, 0.0)"
