,confusion,urgency,sentiment,opinion,answer,question
confusion,1.0,0.67327959547632832,-0.35354917660271934,-0.12230038906798517,-0.59030668607910108,0.52121806902813494
urgency,0.67327959547632832,1.0,-0.56798278394815915,0.034158110161424012,-0.67614755336131616,0.74760773730999797
sentiment,-0.35354917660271934,-0.56798278394815915,1.0,0.030458636543728799,0.29616567922325548,-0.49459882871574884
opinion,-0.12230038906798517,0.034158110161424012,0.030458636543728799,1.0,-0.069464907638317516,-0.2146563667775151
answer,-0.59030668607910108,-0.67614755336131616,0.29616567922325548,-0.069464907638317516,1.0,-0.56224515324242796
question,0.52121806902813494,0.74760773730999797,-0.49459882871574884,-0.2146563667775151,-0.56224515324242796,1.0
