,confusion,urgency,sentiment,opinion,answer,question
confusion,"(1.0, 0.0)","(0.5912061321879809, 2.6666213473597991e-312)","(-0.080293310756767863, 3.6059297370382967e-06)","(-0.020393133164523101, 0.24003567025033215)","(-0.46076808245673329, 3.0314416660348941e-174)","(0.56903452392122067, 2.4855509164886498e-284)"
urgency,"(0.5912061321879809, 2.6666213473597991e-312)","(1.0, 0.0)","(-0.1677580313220528, 2.1808435195837294e-22)","(0.12325222783771754, 1.0234971914536176e-12)","(-0.52211359913662947, 1.0801646710594613e-231)","(0.71869452871481376, 0.0)"
sentiment,"(-0.080293310756767863, 3.6059297370382967e-06)","(-0.1677580313220528, 2.1808435195837294e-22)","(1.0, 0.0)","(0.07383307735530488, 2.0527612899671785e-05)","(-0.12777420243389054, 1.4580862479548656e-13)","(-0.18325330628515771, 1.8037222156287849e-26)"
opinion,"(-0.020393133164523101, 0.24003567025033215)","(0.12325222783771754, 1.0234971914536176e-12)","(0.07383307735530488, 2.0527612899671785e-05)","(1.0, 0.0)","(-0.21745674861048686, 7.7391715535265673e-37)","(-0.18159188012551755, 5.1518633007848391e-26)"
answer,"(-0.46076808245673329, 3.0314416660348941e-174)","(-0.52211359913662947, 1.0801646710594613e-231)","(-0.12777420243389054, 1.4580862479548656e-13)","(-0.21745674861048686, 7.7391715535265673e-37)","(1.0, 0.0)","(-0.46797233299110025, 2.1225521529301747e-180)"
question,"(0.56903452392122067, 2.4855509164886498e-284)","(0.71869452871481376, 0.0)","(-0.18325330628515771, 1.8037222156287849e-26)","(-0.18159188012551755, 5.1518633007848391e-26)","(-0.46797233299110025, 2.1225521529301747e-180)","(1.0, 0.0)"
