confusion,urgency,sentiment,opinion,answer,question
confusion,1.0,0.5912061321879809,-0.080293310756767863,-0.020393133164523101,-0.46076808245673329,0.56903452392122067
urgency,0.5912061321879809,1.0,-0.1677580313220528,0.12325222783771754,-0.52211359913662947,0.71869452871481376
sentiment,-0.080293310756767863,-0.1677580313220528,1.0,0.07383307735530488,-0.12777420243389054,-0.18325330628515771
opinion,-0.020393133164523101,0.12325222783771754,0.07383307735530488,1.0,-0.21745674861048686,-0.18159188012551755
answer,-0.46076808245673329,-0.52211359913662947,-0.12777420243389054,-0.21745674861048686,1.0,-0.46797233299110025
question,0.56903452392122067,0.71869452871481376,-0.18325330628515771,-0.18159188012551755,-0.46797233299110025,1.0
